"module","modSize","bkgrModSize","rank","enrichmentP","BonferoniP","nModGenesInTerm","fracOfBkgrModSize","fracOfBkgrTermSize","bkgrTermSize","termID","termOntology","termName","termDefinition"
"black",166,145,1,0.000584812831961957,1,13,0.0896551724137931,0.142857142857143,91,"GO:0048018","MF","receptor ligand activity","The activity of a gene product that interacts with a receptor to effect a change in the activity of the receptor. Ligands may be produced by the same, or different, cell that expresses the receptor. Ligands may diffuse extracellularly from their point of origin to the receiving cell, or remain attached to an adjacent cell surface (e.g. Notch ligands)."
"black",166,145,2,0.00079621637023478,1,6,0.0413793103448276,0.260869565217391,23,"GO:0050658","BP","RNA transport","The directed movement of RNA, ribonucleic acids, into, out of or within a cell, or between cells, by means of some agent such as a transporter or pore."
"black",166,145,3,0.000908405486832174,1,5,0.0344827586206897,0.3125,16,"GO:0051028","BP","mRNA transport","The directed movement of mRNA, messenger ribonucleic acid, into, out of or within a cell, or between cells, by means of some agent such as a transporter or pore."
"black",166,145,4,0.00128288546818041,1,6,0.0413793103448276,0.24,25,"GO:0006403","BP","RNA localization","A process in which RNA is transported to, or maintained in, a specific location."
"black",166,145,5,0.00240254131536854,1,6,0.0413793103448276,0.214285714285714,28,"GO:0008083","MF","growth factor activity","The function that stimulates a cell to grow or proliferate. Most growth factors have other actions besides the induction of cell growth or proliferation."
"black",166,145,6,0.00260617869049506,1,2,0.0137931034482759,1,2,"GO:0003223","BP","ventricular compact myocardium morphogenesis","The process in which the anatomical structures of the compact cardiac ventricle muscle are generated and organized."
"black",166,145,7,0.00290352148416845,1,6,0.0413793103448276,0.206896551724138,29,"GO:0070851","MF","growth factor receptor binding","Interacting selectively and non-covalently with a growth factor receptor."
"black",166,145,8,0.00395667456721236,1,3,0.0206896551724138,0.428571428571429,7,"GO:0005154","MF","epidermal growth factor receptor binding","Interacting selectively and non-covalently with the epidermal growth factor receptor."
"black",166,145,9,0.0060945299055023,1,3,0.0206896551724138,0.375,8,"GO:0071166","BP","ribonucleoprotein complex localization","Any process in which a ribonucleoprotein complex is transported to, or maintained in, a specific location within a cell."
"black",166,145,10,0.0060945299055023,1,3,0.0206896551724138,0.375,8,"GO:0071426","BP","ribonucleoprotein complex export from nucleus","The directed movement of a ribonucleoprotein complex from the nucleus to the cytoplasm."
"blue",428,423,1,1.61786989784485e-33,2.85732002658379e-29,123,0.290780141843972,0.421232876712329,292,"GO:0006955","BP","immune response","Any immune system process that functions in the calibrated response of an organism to a potential internal or invasive threat."
"blue",428,423,2,1.19925526476468e-32,2.11800472310089e-28,164,0.387706855791962,0.343096234309623,478,"GO:0002376","BP","immune system process","Any process involved in the development or functioning of the immune system, an organismal system for calibrated responses to potential internal or invasive threats."
"blue",428,423,3,3.47002264336547e-24,6.12840699044775e-20,76,0.179669030732861,0.475,160,"GO:0045087","BP","innate immune response","Innate immune responses are defense responses mediated by germline encoded components that directly recognize components of potential pathogens."
"blue",428,423,4,2.06752725536191e-22,3.65145988569467e-18,109,0.257683215130024,0.35973597359736,303,"GO:0006952","BP","defense response","Reactions, triggered in response to the presence of a foreign body or the occurrence of an injury, which result in restriction of damage to the organism attacked or prevention/recovery from the infection caused by the attack."
"blue",428,423,5,6.49154179364864e-22,1.14647119617629e-17,98,0.231678486997636,0.378378378378378,259,"GO:0002682","BP","regulation of immune system process","Any process that modulates the frequency, rate, or extent of an immune system process."
"blue",428,423,6,1.38642556694852e-21,2.44856619378779e-17,80,0.189125295508274,0.425531914893617,188,"GO:0002684","BP","positive regulation of immune system process","Any process that activates or increases the frequency, rate, or extent of an immune system process."
"blue",428,423,7,5.0052554573325e-20,8.83978166319492e-16,81,0.191489361702128,0.402985074626866,201,"GO:0001775","BP","cell activation","A change in the morphology or behavior of a cell resulting from exposure to an activating factor such as a cellular or soluble ligand."
"blue",428,423,8,3.33531403248418e-17,5.8904981127703e-13,47,0.111111111111111,0.522222222222222,90,"GO:0002250","BP","adaptive immune response","An immune response mediated by cells expressing specific receptors for antigen produced through a somatic diversification process, and allowing for an enhanced secondary response to subsequent exposures to the same antigen (immunological memory)."
"blue",428,423,9,6.11561233053853e-17,1.08007829369641e-12,67,0.15839243498818,0.408536585365854,164,"GO:0001816","BP","cytokine production","The appearance of a cytokine due to biosynthesis or secretion following a cellular stimulus, resulting in an increase in its intracellular or extracellular levels."
"blue",428,423,10,7.16232992058685e-17,1.26493908727484e-12,62,0.146572104018913,0.427586206896552,145,"GO:0050776","BP","regulation of immune response","Any process that modulates the frequency, rate or extent of the immune response, the immunological reaction of an organism to an immunogenic stimulus."
"brown",396,386,1,2.83149417544106e-19,5.00070186324645e-15,48,0.124352331606218,0.521739130434783,92,"GO:0031012","CC","extracellular matrix","A structure lying external to one or more cells, which provides structural support for cells or tissues."
"brown",396,386,2,3.4315837380483e-18,6.0605200397671e-14,42,0.10880829015544,0.552631578947368,76,"GO:0005578","CC","proteinaceous extracellular matrix","A layer consisting mainly of proteins (especially collagen) and glycosaminoglycans (mostly as proteoglycans) that forms a sheet underlying or overlying cells such as endothelial and epithelial cells. The proteins are secreted by cells in the vicinity. An example of this component is found in Mus musculus."
"brown",396,386,3,1.34898197437148e-17,2.38243706493747e-13,123,0.318652849740933,0.273333333333333,450,"GO:0005576","CC","extracellular region","The space external to the outermost structure of a cell. For cells without external protective or external encapsulating structures this refers to space outside of the plasma membrane. This term covers the host cell environment outside an intracellular parasite."
"brown",396,386,4,2.24688894525089e-17,3.96823056620759e-13,103,0.266839378238342,0.297687861271676,346,"GO:0005615","CC","extracellular space","That part of a multicellular organism outside the cells proper, usually taken to be outside the plasma membranes, and occupied by fluid."
"brown",396,386,5,2.51656122371379e-13,4.44449877720093e-09,58,0.150259067357513,0.353658536585366,164,"GO:0001568","BP","blood vessel development","The process whose specific outcome is the progression of a blood vessel over time, from its formation to the mature structure. The blood vessel is the vasculature carrying blood."
"brown",396,386,6,3.94989288482719e-13,6.9759058238933e-09,59,0.152849740932642,0.347058823529412,170,"GO:0001944","BP","vasculature development","The process whose specific outcome is the progression of the vasculature over time, from its formation to the mature structure. The vasculature is an interconnected tubular multi-tissue structure that contains fluid that is actively transported around the organism."
"brown",396,386,7,4.50389303163949e-13,7.9543254831785e-09,60,0.155440414507772,0.342857142857143,175,"GO:0072358","BP","cardiovascular system development","The process whose specific outcome is the progression of the cardiovascular system over time, from its formation to the mature structure. The cardiovascular system is the anatomical system that has as its parts the heart and blood vessels."
"brown",396,386,8,1.00061914217056e-11,1.76719346698742e-07,27,0.0699481865284974,0.54,50,"GO:0030198","BP","extracellular matrix organization","A process that is carried out at the cellular level which results in the assembly, arrangement of constituent parts, or disassembly of an extracellular matrix."
"brown",396,386,9,1.41127819339325e-11,2.49245841735183e-07,49,0.126943005181347,0.357664233576642,137,"GO:0048514","BP","blood vessel morphogenesis","The process in which the anatomical structures of blood vessels are generated and organized. The blood vessel is the vasculature carrying blood."
"brown",396,386,10,1.51348606211178e-11,2.67296773429562e-07,70,0.181347150259067,0.29535864978903,237,"GO:0072359","BP","circulatory system development","The process whose specific outcome is the progression of the circulatory system over time, from its formation to the mature structure. The circulatory system is the organ system that passes nutrients (such as amino acids and electrolytes), gases, hormones, blood cells, etc. to and from cells in the body to help fight diseases and help stabilize body temperature and pH to maintain homeostasis."
"cyan",63,59,1,0.000241663184929155,1,6,0.101694915254237,0.136363636363636,44,"GO:0031668","BP","cellular response to extracellular stimulus","Any process that results in a change in state or activity of a cell (in terms of movement, secretion, enzyme production, gene expression, etc.) as a result of an extracellular stimulus."
"cyan",63,59,2,0.000277540903280618,1,8,0.135593220338983,0.0952380952380952,84,"GO:0006396","BP","RNA processing","Any process involved in the conversion of one or more primary RNA transcripts into one or more mature RNA molecules."
"cyan",63,59,3,0.000433276214040885,1,5,0.0847457627118644,0.15625,32,"GO:0030426","CC","growth cone","The migrating motile tip of a growing neuron projection, where actin accumulates, and the actin cytoskeleton is the most dynamic."
"cyan",63,59,4,0.000492843936207874,1,18,0.305084745762712,0.0469973890339426,383,"GO:0009056","BP","catabolic process","The chemical reactions and pathways resulting in the breakdown of substances, including the breakdown of carbon compounds with the liberation of energy for use by the cell or organism."
"cyan",63,59,5,0.000502556809619062,1,5,0.0847457627118644,0.151515151515152,33,"GO:0016236","BP","macroautophagy","The major inducible pathway for the general turnover of cytoplasmic constituents in eukaryotic cells, it is also responsible for the degradation of active cytoplasmic enzymes and organelles during nutrient starvation. Macroautophagy involves the formation of double-membrane-bounded autophagosomes which enclose the cytoplasmic constituent targeted for degradation in a membrane-bounded structure.  Autophagosomes then fuse with a lysosome (or vacuole) releasing single-membrane-bounded autophagic bodies that are then degraded within the lysosome (or vacuole). Some types of macroautophagy, e.g. pexophagy, mitophagy, involve selective targeting of the targets to be degraded."
"cyan",63,59,6,0.000502556809619062,1,5,0.0847457627118644,0.151515151515152,33,"GO:0030427","CC","site of polarized growth","Any part of a cell where non-isotropic growth takes place."
"cyan",63,59,7,0.000505325098456475,1,23,0.389830508474576,0.0407801418439716,564,"GO:0005829","CC","cytosol","The part of the cytoplasm that does not contain organelles but which does contain other particulate matter, such as protein complexes."
"cyan",63,59,8,0.000522362240644559,1,4,0.0677966101694915,0.210526315789474,19,"GO:0032838","CC","plasma membrane bounded cell projection cytoplasm","All of the contents of a plasma membrane bounded cell projection, excluding the plasma membrane surrounding the projection."
"cyan",63,59,9,0.000780820213956981,1,7,0.11864406779661,0.0933333333333333,75,"GO:0006914","BP","autophagy","The cellular catabolic process in which cells digest parts of their own cytoplasm; allows for both recycling of macromolecular constituents under conditions of cellular stress and remodeling the intracellular structure for cell differentiation."
"cyan",63,59,10,0.000853516791144791,1,8,0.135593220338983,0.0808080808080808,99,"GO:0030425","CC","dendrite","A neuron projection that has a short, tapering, morphology. Dendrites receive and integrate signals from other neurons or from sensory stimuli, and conduct nerve impulses towards the axon or the cell body. In most neurons, the impulse is conveyed from dendrites to axon via the cell body, but in some types of unipolar neuron, the impulse does not travel via the cell body."
"green",272,253,1,1.98216935640093e-12,3.50070930033969e-08,142,0.561264822134387,0.141153081510934,1006,"GO:0005634","CC","nucleus","A membrane-bounded organelle of eukaryotic cells in which chromosomes are housed and replicated. In most cells, the nucleus contains all of the cell's chromosomes except the organellar chromosomes, and is the site of RNA synthesis and processing. In some species, or in specialized cell types, RNA metabolism or DNA replication may be absent."
"green",272,253,2,1.90319939333635e-08,0.000336124044857132,68,0.268774703557312,0.169154228855721,402,"GO:0003676","MF","nucleic acid binding","Interacting selectively and non-covalently with any nucleic acid."
"green",272,253,3,2.98550447735805e-07,0.00527269945746204,96,0.379446640316206,0.13933236574746,689,"GO:0010467","BP","gene expression","The process in which a gene's sequence is converted into a mature gene product or products (proteins or RNA). This includes the production of an RNA transcript as well as any processing to produce a mature RNA product or an mRNA or circRNA (for protein-coding genes) and the translation of that mRNA or circRNA into protein. Protein maturation is included when required to form an active form of a product from an inactive precursor form."
"green",272,253,4,3.37416392039971e-07,0.00595911089981793,86,0.339920948616601,0.14453781512605,595,"GO:0044428","CC","nuclear part","Any constituent part of the nucleus, a membrane-bounded organelle of eukaryotic cells in which chromosomes are housed and replicated."
"green",272,253,5,4.30676436762627e-07,0.00760617654966475,177,0.699604743083004,0.113026819923372,1566,"GO:0043231","CC","intracellular membrane-bounded organelle","Organized structure of distinctive morphology and function, bounded by a single or double lipid bilayer membrane and occurring within the cell. Includes the nucleus, mitochondria, plastids, vacuoles, and vesicles. Excludes the plasma membrane."
"green",272,253,6,4.8058012224614e-07,0.00848752553898908,85,0.33596837944664,0.144067796610169,590,"GO:0010468","BP","regulation of gene expression","Any process that modulates the frequency, rate or extent of gene expression. Gene expression is the process in which a gene's coding sequence is converted into a mature gene product or products (proteins or RNA). This includes the production of an RNA transcript as well as any processing to produce a mature RNA product or an mRNA or circRNA (for protein-coding genes) and the translation of that mRNA or circRNA into protein. Protein maturation is included when required to form an active form of a product from an inactive precursor form."
"green",272,253,7,1.01207644182461e-06,0.0178742820390645,52,0.205533596837945,0.171052631578947,304,"GO:0010628","BP","positive regulation of gene expression","Any process that increases the frequency, rate or extent of gene expression. Gene expression is the process in which a gene's coding sequence is converted into a mature gene product or products (proteins or RNA). This includes the production of an RNA transcript as well as any processing to produce a mature RNA product or an mRNA or circRNA (for protein-coding genes) and the translation of that mRNA or circRNA into protein. Protein maturation is included when required to form an active form of a product from an inactive precursor form."
"green",272,253,8,1.02128673744867e-06,0.018036945070081,101,0.399209486166008,0.133774834437086,755,"GO:1901363","MF","heterocyclic compound binding","Interacting selectively and non-covalently with heterocyclic compound."
"green",272,253,9,1.25256282281755e-06,0.0221215120137808,52,0.205533596837945,0.169934640522876,306,"GO:0006366","BP","transcription by RNA polymerase II","The synthesis of RNA from a DNA template by RNA polymerase II, originating at an RNA polymerase II promoter. Includes transcription of messenger RNA (mRNA) and certain small nuclear RNAs (snRNAs)."
"green",272,253,10,1.28166203021995e-06,0.0226354331157146,34,0.134387351778656,0.207317073170732,164,"GO:0043565","MF","sequence-specific DNA binding","Interacting selectively and non-covalently with DNA of a specific nucleotide composition, e.g. GC-rich DNA binding, or with a specific sequence motif or type of DNA e.g. promotor binding or rDNA binding."
"greenyellow",93,89,1,1.99704777268582e-29,3.52698607134043e-25,29,0.325842696629214,0.475409836065574,61,"GO:0030016","CC","myofibril","The contractile element of skeletal and cardiac muscle; a long, highly organized bundle of actin, myosin, and other proteins that contracts by a sliding filament mechanism."
"greenyellow",93,89,2,1.19314420675487e-28,2.10721198354978e-24,29,0.325842696629214,0.453125,64,"GO:0043292","CC","contractile fiber","Fibers, composed of actin, myosin, and associated proteins, found in cells of smooth or striated muscle."
"greenyellow",93,89,3,8.93096470009321e-27,1.57729767568346e-22,26,0.292134831460674,0.490566037735849,53,"GO:0030017","CC","sarcomere","The repeating unit of a myofibril in a muscle cell, composed of an array of overlapping thick and thin filaments between two adjacent Z discs."
"greenyellow",93,89,4,1.65124963230644e-18,2.91627197561641e-14,33,0.370786516853933,0.185393258426966,178,"GO:0099512","CC","supramolecular fiber","A polymer consisting of an indefinite number of protein or protein complex subunits that have polymerised to form a fiber-shaped structure."
"greenyellow",93,89,5,2.37885592195895e-18,4.2012974437717e-14,33,0.370786516853933,0.183333333333333,180,"GO:0099080","CC","supramolecular complex","A cellular component that consists of an indeterminate number of proteins or macromolecular complexes, organized into a regular, higher-order structure such as a polymer, sheet, network or a fiber."
"greenyellow",93,89,6,4.62710941852283e-18,8.17193794405317e-14,17,0.191011235955056,0.515151515151515,33,"GO:0031674","CC","I band","A region of a sarcomere that appears as a light band on each side of the Z disc, comprising a region of the sarcomere where thin (actin) filaments are not overlapped by thick (myosin) filaments; contains actin, troponin, and tropomyosin; each sarcomere includes half of an I band at each end."
"greenyellow",93,89,7,3.79748273521756e-17,6.70673425866774e-13,12,0.134831460674157,0.857142857142857,14,"GO:0001533","CC","cornified envelope","A type of plasma membrane that has been modified through addition of distinct intracellular and extracellular components, including ceramide, found in cornifying epithelial cells (corneocytes)."
"greenyellow",93,89,8,8.09400745661989e-16,1.42948265691364e-11,17,0.191011235955056,0.404761904761905,42,"GO:0055002","BP","striated muscle cell development","The process whose specific outcome is the progression of a striated muscle cell over time, from its formation to the mature structure. Striated muscle cells contain fibers that are divided by transverse bands into striations, and cardiac and skeletal muscle are types of striated muscle."
"greenyellow",93,89,9,5.03933623114537e-15,8.89997171782584e-11,17,0.191011235955056,0.369565217391304,46,"GO:0055001","BP","muscle cell development","The process whose specific outcome is the progression of a muscle cell over time, from its formation to the mature structure. Muscle cell development does not include the steps involved in committing an unspecified cell to the muscle cell fate."
"greenyellow",93,89,10,7.84884406126515e-15,1.38618434966004e-10,16,0.179775280898876,0.4,40,"GO:0006941","BP","striated muscle contraction","A process in which force is generated within striated muscle tissue, resulting in the shortening of the muscle. Force generation involves a chemo-mechanical energy conversion step that is carried out by the actin/myosin complex activity, which generates force through ATP hydrolysis. Striated muscle is a type of muscle in which the repeating units (sarcomeres) of the contractile myofibrils are arranged in registry throughout the cell, resulting in transverse or oblique striations observable at the level of the light microscope."
"grey",81,72,1,1.57880914320406e-05,0.27883348278127,3,0.0416666666666667,1,3,"GO:0035662","MF","Toll-like receptor 4 binding","Interacting selectively and non-covalently with a Toll-like 4 protein, a pattern recognition receptor that binds bacterial lipopolysaccharide (LPS) to initiate an innate immune response."
"grey",81,72,2,0.000231324723046253,1,4,0.0555555555555556,0.307692307692308,13,"GO:0030317","BP","flagellated sperm motility","Any process involved in the controlled movement of a flagellated sperm cell."
"grey",81,72,3,0.000317653084971896,1,4,0.0555555555555556,0.285714285714286,14,"GO:0097722","BP","sperm motility","Any process involved in the controlled movement of a sperm cell."
"grey",81,72,4,0.000638064438017756,1,2,0.0277777777777778,1,2,"GO:0070488","BP","neutrophil aggregation","The adhesion of one neutrophil to one or more other neutrophils via adhesion molecules."
"grey",81,72,5,0.000638064438017756,1,2,0.0277777777777778,1,2,"GO:0031402","MF","sodium ion binding","Interacting selectively and non-covalently with sodium ions (Na+)."
"grey",81,72,6,0.00080629110030908,1,3,0.0416666666666667,0.375,8,"GO:2001244","BP","positive regulation of intrinsic apoptotic signaling pathway","Any process that activates or increases the frequency, rate or extent of intrinsic apoptotic signaling pathway."
"grey",81,72,7,0.00080629110030908,1,3,0.0416666666666667,0.375,8,"GO:0035325","MF","Toll-like receptor binding","Interacting selectively and non-covalently with a Toll-like protein, a pattern recognition receptor that binds pattern motifs from a variety of microbial sources to initiate an innate immune response."
"grey",81,72,8,0.000918284221996693,1,6,0.0833333333333333,0.130434782608696,46,"GO:0016323","CC","basolateral plasma membrane","The region of the plasma membrane that includes the basal end and sides of the cell. Often used in reference to animal polarized epithelial membranes, where the basal membrane is the part attached to the extracellular matrix, or in plant cells, where the basal membrane is defined with respect to the zygotic axis."
"grey",81,72,9,0.00118741286536767,1,3,0.0416666666666667,0.333333333333333,9,"GO:0050832","BP","defense response to fungus","Reactions triggered in response to the presence of a fungus that act to protect the cell or organism."
"grey",81,72,10,0.0013694091939555,1,4,0.0555555555555556,0.2,20,"GO:0019730","BP","antimicrobial humoral response","An immune response against microbes mediated through a body fluid. Examples of this process are seen in the antimicrobial humoral response of Drosophila melanogaster and Mus musculus."
"grey60",42,34,1,0.000416965771339683,1,2,0.0588235294117647,0.666666666666667,3,"GO:0099612","BP","protein localization to axon","A process in which a protein is transported to or maintained in a location within an axon."
"grey60",42,34,2,0.00409759497928799,1,4,0.117647058823529,0.0714285714285714,56,"GO:0008544","BP","epidermis development","The process whose specific outcome is the progression of the epidermis over time, from its formation to the mature structure. The epidermis is the outer epithelial layer of an animal, it may be a single layer that produces an extracellular material (e.g. the cuticle of arthropods) or a complex stratified squamous epithelium, as in the case of many vertebrate species."
"grey60",42,34,3,0.00857115330819205,1,2,0.0588235294117647,0.166666666666667,12,"GO:2001222","BP","regulation of neuron migration","Any process that modulates the frequency, rate or extent of neuron migration."
"grey60",42,34,4,0.00916733928472254,1,6,0.176470588235294,0.0387096774193548,155,"GO:0050877","BP","nervous system process","A organ system process carried out by any of the organs or tissues of neurological system."
"grey60",42,34,5,0.0100536907361269,1,2,0.0588235294117647,0.153846153846154,13,"GO:0036064","CC","ciliary basal body","A membrane-tethered, short cylindrical array of microtubules and associated proteins found at the base of a eukaryotic cilium (also called flagellum) that is similar in structure to a centriole and derives from it. The cilium basal body is the site of assembly and remodelling of the cilium and serves as a nucleation site for axoneme growth. As well as anchoring the cilium, it is thought to provide a selective gateway regulating the entry of ciliary proteins and vesicles by intraflagellar transport."
"grey60",42,34,6,0.0120098904980573,1,1,0.0294117647058824,1,1,"GO:0000414","BP","regulation of histone H3-K36 methylation","Any process that modulates the frequency, rate or extent of the covalent addition of a methyl group to the lysine at position 36 of histone H3."
"grey60",42,34,7,0.0120098904980573,1,1,0.0294117647058824,1,1,"GO:0007161","BP","calcium-independent cell-matrix adhesion","The binding of a cell to the extracellular matrix via adhesion molecules that do not require the presence of calcium for the interaction."
"grey60",42,34,8,0.0120098904980573,1,1,0.0294117647058824,1,1,"GO:0021869","BP","forebrain ventricular zone progenitor cell division","The mitotic division of a basal progenitor giving rise to two neurons."
"grey60",42,34,9,0.0120098904980573,1,1,0.0294117647058824,1,1,"GO:0034497","BP","protein localization to phagophore assembly site","Any process in which a protein is transported to, or maintained at, the phagophore assembly site (PAS)."
"grey60",42,34,10,0.0120098904980573,1,1,0.0294117647058824,1,1,"GO:0042297","BP","vocal learning","A behavioral process whose outcome is a relatively long-lasting behavioral change whereby an organism modifies innate vocalizations to imitate sounds produced by others."
"lightcyan",43,41,1,4.610421847758e-05,0.814246602532541,4,0.0975609756097561,0.266666666666667,15,"GO:0008013","MF","beta-catenin binding","Interacting selectively and non-covalently with the beta subunit of the catenin complex."
"lightcyan",43,41,2,0.000565683849831712,1,6,0.146341463414634,0.0810810810810811,74,"GO:0016055","BP","Wnt signaling pathway","The series of molecular signals initiated by binding of a Wnt protein to a frizzled family receptor on the surface of the target cell and ending with a change in cell state."
"lightcyan",43,41,3,0.000608455677949163,1,2,0.0487804878048781,0.666666666666667,3,"GO:0016577","BP","histone demethylation","The modification of histones by removal of methyl groups."
"lightcyan",43,41,4,0.000608455677949163,1,2,0.0487804878048781,0.666666666666667,3,"GO:0070076","BP","histone lysine demethylation","The modification of a histone by the removal of a methyl group from a lysine residue."
"lightcyan",43,41,5,0.000608455677949163,1,2,0.0487804878048781,0.666666666666667,3,"GO:0045295","MF","gamma-catenin binding","Interacting selectively and non-covalently with the gamma subunit of the catenin complex."
"lightcyan",43,41,6,0.000769582293537308,1,11,0.268292682926829,0.0426356589147287,258,"GO:0023057","BP","negative regulation of signaling","Any process that stops, prevents, or reduces the frequency, rate or extent of a signaling process."
"lightcyan",43,41,7,0.00120573731489284,1,2,0.0487804878048781,0.5,4,"GO:0006482","BP","protein demethylation","The removal of a methyl group, from a protein amino acid. A methyl group is derived from methane by the removal of a hydrogen atom."
"lightcyan",43,41,8,0.00120573731489284,1,2,0.0487804878048781,0.5,4,"GO:0015012","BP","heparan sulfate proteoglycan biosynthetic process","The chemical reactions and pathways resulting in the formation of the heparan sulfate proteoglycan, a glycosaminoglycan with repeat unit consisting of alternating alpha-(1->4)-linked hexuronic acid and glucosamine residues; the former are a mixture of sulfated and nonsulfated D-glucuronic acid and L-iduronic acid; the L-iduronic acid is either sulfated or acetylated on its amino group as well as being sulfated on one of its hydroxyl groups; heparan sulfate chains are covalently linked to peptidyl-serine by a glycosidic attachment through the trisaccharide galactosyl-galactosyl-xylosyl to serine residues."
"lightcyan",43,41,9,0.00120573731489284,1,2,0.0487804878048781,0.5,4,"GO:0034205","BP","amyloid-beta formation","The generation of amyloid-beta by cleavage of the amyloid precursor protein (APP)."
"lightcyan",43,41,10,0.00120573731489284,1,2,0.0487804878048781,0.5,4,"GO:0035082","BP","axoneme assembly","The assembly and organization of an axoneme, the bundle of microtubules and associated proteins that forms the core of cilia (also called flagella) in eukaryotic cells and is responsible for their movements."
"lightgreen",29,24,1,0.000205625331126529,1,2,0.0833333333333333,0.666666666666667,3,"GO:0061101","BP","neuroendocrine cell differentiation","The process in which a relatively unspecialized cell acquires specialized structural and/or functional features of a neuroendocrine cell. A neuroendocrine cell is a cell that receives input form a neuron which controls the secretion of an endocrine substance."
"lightgreen",29,24,2,0.000205625331126529,1,2,0.0833333333333333,0.666666666666667,3,"GO:0061549","BP","sympathetic ganglion development","The process whose specific outcome is the progression of a sympathetic ganglion over time, from its formation to the mature structure."
"lightgreen",29,24,3,0.000227993877588673,1,3,0.125,0.2,15,"GO:0042472","BP","inner ear morphogenesis","The process in which the anatomical structures of the inner ear are generated and organized. The inner ear is the structure in vertebrates that contains the organs of balance and hearing. It consists of soft hollow sensory structures (the membranous labyrinth) containing fluid (endolymph) surrounded by fluid (perilymph) and encased in a bony cavity (the bony labyrinth). It consists of two chambers, the sacculus and utriculus, from which arise the cochlea and semicircular canals respectively."
"lightgreen",29,24,4,0.000336957836585298,1,3,0.125,0.176470588235294,17,"GO:0042471","BP","ear morphogenesis","The process in which the anatomical structures of the ear are generated and organized. The ear is the sense organ in vertebrates that is specialized for the detection of sound, and the maintenance of balance. Includes the outer ear and middle ear, which collect and transmit sound waves; and the inner ear, which contains the organs of balance and (except in fish) hearing. Also includes the pinna, the visible part of the outer ear, present in some mammals."
"lightgreen",29,24,5,0.000409119399388206,1,2,0.0833333333333333,0.5,4,"GO:0048485","BP","sympathetic nervous system development","The process whose specific outcome is the progression of the sympathetic nervous system over time, from its formation to the mature structure. The sympathetic nervous system is one of the two divisions of the vertebrate autonomic nervous system (the other being the parasympathetic nervous system). The sympathetic preganglionic neurons have their cell bodies in the thoracic and lumbar regions of the spinal cord and connect to the paravertebral chain of sympathetic ganglia. Innervate heart and blood vessels, sweat glands, viscera and the adrenal medulla. Most sympathetic neurons, but not all, use noradrenaline as a post-ganglionic neurotransmitter."
"lightgreen",29,24,6,0.000409119399388206,1,2,0.0833333333333333,0.5,4,"GO:0061548","BP","ganglion development","The process whose specific outcome is the progression of a ganglion over time, from its formation to the mature structure."
"lightgreen",29,24,7,0.00046241043776169,1,7,0.291666666666667,0.0395480225988701,177,"GO:0009887","BP","animal organ morphogenesis","Morphogenesis of an animal organ. An organ is defined as a tissue or set of tissues that work together to perform a specific function or functions. Morphogenesis is the process in which anatomical structures are generated and organized. Organs are commonly observed as visibly distinct structures, but may also exist as loosely associated clusters of cells that work together to perform a specific function or functions."
"lightgreen",29,24,8,0.000620350642189548,1,5,0.208333333333333,0.0581395348837209,86,"GO:0007423","BP","sensory organ development","The process whose specific outcome is the progression of sensory organs over time, from its formation to the mature structure."
"lightgreen",29,24,9,0.00123851711374763,1,5,0.208333333333333,0.05,100,"GO:0048598","BP","embryonic morphogenesis","The process in which anatomical structures are generated and organized during the embryonic phase. The embryonic phase begins with zygote formation. The end of the embryonic phase is organism-specific. For example, it would be at birth for mammals, larval hatching for insects and seed dormancy in plants."
"lightgreen",29,24,10,0.00137082497078031,1,3,0.125,0.111111111111111,27,"GO:0007411","BP","axon guidance","The chemotaxis process that directs the migration of an axon growth cone to a specific target site in response to a combination of attractive and repulsive cues."
"magenta",113,111,1,1.61628787671668e-20,2.85452601906933e-16,59,0.531531531531532,0.131111111111111,450,"GO:0005576","CC","extracellular region","The space external to the outermost structure of a cell. For cells without external protective or external encapsulating structures this refers to space outside of the plasma membrane. This term covers the host cell environment outside an intracellular parasite."
"magenta",113,111,2,1.66265918949134e-15,2.93642239456065e-11,46,0.414414414414414,0.132947976878613,346,"GO:0005615","CC","extracellular space","That part of a multicellular organism outside the cells proper, usually taken to be outside the plasma membranes, and occupied by fluid."
"magenta",113,111,3,5.19794231389259e-13,9.1800859205657e-09,15,0.135135135135135,0.428571428571429,35,"GO:0007586","BP","digestion","The whole of the physical, chemical, and biochemical processes carried out by multicellular organisms to break down ingested nutrients into components that may be easily absorbed and directed into metabolism."
"magenta",113,111,4,8.34656478202597e-12,1.47408680615361e-07,15,0.135135135135135,0.365853658536585,41,"GO:0008236","MF","serine-type peptidase activity","Catalysis of the hydrolysis of peptide bonds in a polypeptide chain by a catalytic mechanism that involves a catalytic triad consisting of a serine nucleophile that is activated by a proton relay involving an acidic residue (e.g. aspartate or glutamate) and a basic residue (usually histidine)."
"magenta",113,111,5,1.2566453437739e-11,2.21936134163908e-07,15,0.135135135135135,0.357142857142857,42,"GO:0017171","MF","serine hydrolase activity","Catalysis of the hydrolysis of a substrate by a catalytic mechanism that involves a catalytic triad consisting of a serine nucleophile that is activated by a proton relay involving an acidic residue (e.g. aspartate or glutamate) and a basic residue (usually histidine)."
"magenta",113,111,6,1.64655922728832e-11,2.90798825131391e-07,14,0.126126126126126,0.388888888888889,36,"GO:0004252","MF","serine-type endopeptidase activity","Catalysis of the hydrolysis of internal, alpha-peptide bonds in a polypeptide chain by a catalytic mechanism that involves a catalytic triad consisting of a serine nucleophile that is activated by a proton relay involving an acidic residue (e.g. aspartate or glutamate) and a basic residue (usually histidine)."
"magenta",113,111,7,7.84805140299533e-11,1.386044358283e-06,22,0.198198198198198,0.198198198198198,111,"GO:0008233","MF","peptidase activity","Catalysis of the hydrolysis of a peptide bond. A peptide bond is a covalent bond formed when the carbon atom from the carboxyl group of one amino acid shares electrons with the nitrogen atom from the amino group of a second amino acid."
"magenta",113,111,8,5.83059317615627e-10,1.02974106084096e-05,19,0.171171171171171,0.211111111111111,90,"GO:0030141","CC","secretory granule","A small subcellular vesicle, surrounded by a membrane, that is formed from the Golgi apparatus and contains a highly concentrated protein destined for secretion. Secretory granules move towards the periphery of the cell and upon stimulation, their membranes fuse with the cell membrane, and their protein load is exteriorized. Processing of the contained protein may take place in secretory granules."
"magenta",113,111,9,1.97096625665423e-08,0.000348092350587703,16,0.144144144144144,0.207792207792208,77,"GO:0004175","MF","endopeptidase activity","Catalysis of the hydrolysis of internal, alpha-peptide bonds in a polypeptide chain."
"magenta",113,111,10,2.4045608236928e-08,0.000424669487072386,19,0.171171171171171,0.171171171171171,111,"GO:0099503","CC","secretory vesicle","A cytoplasmic, membrane bound vesicle that is capable of fusing to the plasma membrane to release its contents into the extracellular space."
"midnightblue",41,36,1,0.000157269403736771,1,2,0.0555555555555556,1,2,"GO:0002840","BP","regulation of T cell mediated immune response to tumor cell","Any process that modulates the frequency, rate, or extent of a T cell mediated immune response to tumor cell."
"midnightblue",41,36,2,0.000187563281644426,1,7,0.194444444444444,0.0707070707070707,99,"GO:1990234","CC","transferase complex","A protein complex capable of catalyzing the transfer of a group, e.g. a methyl group, glycosyl group, acyl group, phosphorus-containing, or other groups, from one compound (generally regarded as the donor) to another compound (generally regarded as the acceptor)."
"midnightblue",41,36,3,0.000226840050250781,1,13,0.361111111111111,0.0367231638418079,354,"GO:0016740","MF","transferase activity","Catalysis of the transfer of a group, e.g. a methyl group, glycosyl group, acyl group, phosphorus-containing, or other groups, from one compound (generally regarded as the donor) to another compound (generally regarded as the acceptor). Transferase is the systematic name for any enzyme of EC class 2."
"midnightblue",41,36,4,0.000495147074169423,1,3,0.0833333333333333,0.230769230769231,13,"GO:0002039","MF","p53 binding","Interacting selectively and non-covalently with one of the p53 family of proteins."
"midnightblue",41,36,5,0.000928561601137446,1,2,0.0555555555555556,0.5,4,"GO:0002418","BP","immune response to tumor cell","An immune system process that functions in the response of an organism to a tumor cell."
"midnightblue",41,36,6,0.000928561601137446,1,2,0.0555555555555556,0.5,4,"GO:0019908","CC","nuclear cyclin-dependent protein kinase holoenzyme complex","Cyclin-dependent protein kinase (CDK) complex found in the nucleus."
"midnightblue",41,36,7,0.00135220745926475,1,3,0.0833333333333333,0.166666666666667,18,"GO:1902911","CC","protein kinase complex","A protein complex which is capable of protein kinase activity."
"midnightblue",41,36,8,0.0018228403702598,1,17,0.472222222222222,0.0250737463126844,678,"GO:0044267","BP","cellular protein metabolic process","The chemical reactions and pathways involving a specific protein, rather than of proteins in general, occurring at the level of an individual cell. Includes cellular protein modification."
"midnightblue",41,36,9,0.00193420669004849,1,34,0.944444444444444,0.0161596958174905,2104,"GO:0044424","CC","intracellular part","Any constituent part of the living contents of a cell; the matter contained within (but not including) the plasma membrane, usually taken to exclude large vacuoles and masses of secretory or ingested material. In eukaryotes it includes the nucleus and cytoplasm."
"midnightblue",41,36,10,0.00241005993182912,1,34,0.944444444444444,0.0160377358490566,2120,"GO:0005622","CC","intracellular","The living contents of a cell; the matter contained within (but not including) the plasma membrane, usually taken to exclude large vacuoles and masses of secretory or ingested material. In eukaryotes it includes the nucleus and cytoplasm."
"pink",106,94,1,8.99363174869376e-07,0.015883653031368,6,0.0638297872340425,0.5,12,"GO:0015934","CC","large ribosomal subunit","The larger of the two subunits of a ribosome. Two sites on the ribosomal large subunit are involved in translation, namely the aminoacyl site (A site) and peptidyl site (P site)."
"pink",106,94,2,2.82948194094396e-06,0.0499714805590113,7,0.074468085106383,0.333333333333333,21,"GO:0044391","CC","ribosomal subunit","Either of the two subunits of a ribosome: the ribosomal large subunit or the ribosomal small subunit."
"pink",106,94,3,8.02091421876456e-06,0.141657366017601,5,0.0531914893617021,0.5,10,"GO:0005746","CC","mitochondrial respiratory chain","The protein complexes that form the mitochondrial electron transport system (the respiratory chain), associated with the inner mitochondrial membrane. The respiratory chain complexes transfer electrons from an electron donor to an electron acceptor and are associated with a proton pump to create a transmembrane electrochemical gradient."
"pink",106,94,4,8.02091421876456e-06,0.141657366017601,5,0.0531914893617021,0.5,10,"GO:0022625","CC","cytosolic large ribosomal subunit","The large subunit of a ribosome located in the cytosol."
"pink",106,94,5,8.02091421876456e-06,0.141657366017601,5,0.0531914893617021,0.5,10,"GO:0070469","CC","respiratory chain","The protein complexes that form the electron transport system (the respiratory chain), associated with a cell membrane, usually the plasma membrane (in prokaryotes) or the inner mitochondrial membrane (on eukaryotes). The respiratory chain complexes transfer electrons from an electron donor to an electron acceptor and are associated with a proton pump to create a transmembrane electrochemical gradient."
"pink",106,94,6,1.39668474626102e-05,0.246668493037159,7,0.074468085106383,0.269230769230769,26,"GO:0005840","CC","ribosome","An intracellular organelle, about 200 A in diameter, consisting of RNA and protein. It is the site of protein biosynthesis resulting from translation of messenger RNA (mRNA). It consists of two subunits, one large and one small, each containing only protein and RNA. Both the ribosome and its subunits are characterized by their sedimentation coefficients, expressed in Svedberg units (symbol: S). Hence, the prokaryotic ribosome (70S) comprises a large (50S) subunit and a small (30S) subunit, while the eukaryotic ribosome (80S) comprises a large (60S) subunit and a small (40S) subunit. Two sites on the ribosomal large subunit are involved in translation, namely the aminoacyl site (A site) and peptidyl site (P site). Ribosomes from prokaryotes, eukaryotes, mitochondria, and chloroplasts have characteristically distinct ribosomal proteins."
"pink",106,94,7,2.18615050053822e-05,0.386096039900056,6,0.0638297872340425,0.315789473684211,19,"GO:0022626","CC","cytosolic ribosome","A ribosome located in the cytosol."
"pink",106,94,8,3.78314733253323e-05,0.668141650398693,5,0.0531914893617021,0.384615384615385,13,"GO:0003735","MF","structural constituent of ribosome","The action of a molecule that contributes to the structural integrity of the ribosome."
"pink",106,94,9,4.00695852539149e-05,0.707668945169392,12,0.127659574468085,0.129032258064516,93,"GO:0031966","CC","mitochondrial membrane","Either of the lipid bilayers that surround the mitochondrion and form the mitochondrial envelope."
"pink",106,94,10,7.53783417344053e-05,1,12,0.127659574468085,0.121212121212121,99,"GO:0005740","CC","mitochondrial envelope","The double lipid bilayer enclosing the mitochondrion and separating its contents from the cell cytoplasm; includes the intermembrane space."
"purple",75,68,1,1.19886403127539e-08,0.000211731376563546,18,0.264705882352941,0.113924050632911,158,"GO:0003700","MF","DNA binding transcription factor activity","Interacting selectively and non-covalently with a specific DNA sequence (sometimes referred to as a motif) within the regulatory region of a gene in order to modulate transcription."
"purple",75,68,2,0.000316344960640377,1,24,0.352941176470588,0.0480961923847695,499,"GO:0051252","BP","regulation of RNA metabolic process","Any process that modulates the frequency, rate or extent of the chemical reactions and pathways involving RNA."
"purple",75,68,3,0.000345513812349556,1,23,0.338235294117647,0.048936170212766,470,"GO:0006355","BP","regulation of transcription, DNA-templated","Any process that modulates the frequency, rate or extent of cellular DNA-templated transcription."
"purple",75,68,4,0.000368453780112417,1,23,0.338235294117647,0.048728813559322,472,"GO:1903506","BP","regulation of nucleic acid-templated transcription","Any process that modulates the frequency, rate or extent of nucleic acid-templated transcription."
"purple",75,68,5,0.000405404907376041,1,23,0.338235294117647,0.0484210526315789,475,"GO:2001141","BP","regulation of RNA biosynthetic process","Any process that modulates the frequency, rate or extent of RNA biosynthetic process."
"purple",75,68,6,0.000431832250844254,1,23,0.338235294117647,0.0482180293501048,477,"GO:0006351","BP","transcription, DNA-templated","The cellular synthesis of RNA on a template of DNA."
"purple",75,68,7,0.000536772667227348,1,23,0.338235294117647,0.0475206611570248,484,"GO:0032774","BP","RNA biosynthetic process","The chemical reactions and pathways resulting in the formation of RNA, ribonucleic acid, one of the two main type of nucleic acid, consisting of a long, unbranched macromolecule formed from ribonucleotides joined in 3',5'-phosphodiester linkage. Includes polymerization of ribonucleotide monomers. Refers not only to transcription but also to e.g. viral RNA replication."
"purple",75,68,8,0.000568666193194229,1,2,0.0294117647058824,1,2,"GO:0047086","MF","ketosteroid monooxygenase activity","Catalysis of the reaction: O2 + NADPH + progesterone = H2O + NADP+ + testosterone acetate."
"purple",75,68,9,0.000721492005218169,1,5,0.0735294117647059,0.161290322580645,31,"GO:0005319","MF","lipid transporter activity","Enables the directed movement of lipids into, out of or within a cell, or between cells."
"purple",75,68,10,0.00101738760825839,1,25,0.367647058823529,0.0437062937062937,572,"GO:0019438","BP","aromatic compound biosynthetic process","The chemical reactions and pathways resulting in the formation of aromatic compounds, any substance containing an aromatic carbon ring."
"red",203,199,1,7.66578515253499e-37,1.3538543157892e-32,87,0.437185929648241,0.289036544850498,301,"GO:0007049","BP","cell cycle","The progression of biochemical and morphological phases and events that occur in a cell during successive cell replication or nuclear replication events. Canonically, the cell cycle comprises the replication and segregation of genetic material followed by the division of the cell, but in endocycles or syncytial cells nuclear replication or nuclear division may not be followed by cell division."
"red",203,199,2,3.99248184682375e-33,7.05112218967543e-29,35,0.175879396984925,0.777777777777778,45,"GO:0000775","CC","chromosome, centromeric region","The region of a chromosome that includes the centromeric DNA and associated proteins. In monocentric chromosomes, this region corresponds to a single area of the chromosome, whereas in holocentric chromosomes, it is evenly distributed along the chromosome."
"red",203,199,3,4.98335857261274e-32,8.80110957509137e-28,59,0.296482412060302,0.390728476821192,151,"GO:0005694","CC","chromosome","A structure composed of a very long molecule of DNA and associated proteins (e.g. histones) that carries hereditary information."
"red",203,199,4,1.10039382275836e-29,1.94340553037354e-25,59,0.296482412060302,0.359756097560976,164,"GO:0000278","BP","mitotic cell cycle","Progression through the phases of the mitotic cell cycle, the most common eukaryotic cell cycle, which canonically comprises four successive phases called G1, S, G2, and M and includes replication of the genome and the subsequent segregation of chromosomes into daughter cells. In some variant cell cycles nuclear replication or nuclear division may not be followed by cell division, or G1 and G2 phases may be absent."
"red",203,199,5,2.560021451923e-29,4.5212538862412e-25,38,0.190954773869347,0.603174603174603,63,"GO:0007059","BP","chromosome segregation","The process in which genetic material, in the form of chromosomes, is organized into specific structures and then physically separated and apportioned to two or more sets. In eukaryotes, chromosome segregation begins with the condensation of chromosomes, includes chromosome separation, and ends when chromosomes have completed movement to the spindle poles."
"red",203,199,6,1.23017562379342e-26,2.17261316918156e-22,38,0.190954773869347,0.535211267605634,71,"GO:0000280","BP","nuclear division","The division of a cell nucleus into two nuclei, with DNA and other nuclear contents distributed between the daughter nuclei."
"red",203,199,7,8.61819723237234e-26,1.52205981320928e-21,48,0.241206030150754,0.390243902439024,123,"GO:0051301","BP","cell division","The process resulting in division and partitioning of components of a cell to form more cells; may or may not be accompanied by the physical separation of a cell into distinct, individually membrane-bounded daughter cells."
"red",203,199,8,5.92145863486057e-25,1.04578880950273e-20,26,0.130653266331658,0.787878787878788,33,"GO:0000776","CC","kinetochore","A multisubunit complex that is located at the centromeric region of DNA and provides an attachment point for the spindle microtubules."
"red",203,199,9,8.07051230832556e-24,1.42533317877338e-19,27,0.135678391959799,0.710526315789474,38,"GO:0000819","BP","sister chromatid segregation","The cell cycle process in which sister chromatids are organized and then physically separated and apportioned to two or more sets."
"red",203,199,10,2.05269190543894e-23,3.62525917419571e-19,38,0.190954773869347,0.457831325301205,83,"GO:0048285","BP","organelle fission","The creation of two or more organelles by division of one organelle."
"salmon",78,78,1,3.24858696202942e-21,5.73732943364016e-17,29,0.371794871794872,0.237704918032787,122,"GO:0008610","BP","lipid biosynthetic process","The chemical reactions and pathways resulting in the formation of lipids, compounds soluble in an organic solvent but not, or sparingly, in an aqueous solvent."
"salmon",78,78,2,6.36003538281685e-19,1.12324584895928e-14,37,0.474358974358974,0.139622641509434,265,"GO:0006629","BP","lipid metabolic process","The chemical reactions and pathways involving lipids, compounds soluble in an organic solvent but not, or sparingly, in an aqueous solvent. Includes fatty acids; neutral fats, other fatty-acid esters, and soaps; long-chain (fatty) alcohols and waxes; sphingoids and other long-chain bases; glycolipids, phospholipids and sphingolipids; and carotenes, polyprenols, sterols, terpenes and other isoprenoids."
"salmon",78,78,3,7.59358500222784e-16,1.34110304724346e-11,39,0.5,0.106849315068493,365,"GO:0044281","BP","small molecule metabolic process","The chemical reactions and pathways involving small molecules, any low molecular weight, monomeric, non-encoded molecule."
"salmon",78,78,4,1.31760537714804e-15,2.32702285658115e-11,30,0.384615384615385,0.146341463414634,205,"GO:0044255","BP","cellular lipid metabolic process","The chemical reactions and pathways involving lipids, as carried out by individual cells."
"salmon",78,78,5,8.67544456830842e-15,1.53217026520895e-10,25,0.320512820512821,0.174825174825175,143,"GO:0032787","BP","monocarboxylic acid metabolic process","The chemical reactions and pathways involving monocarboxylic acids, any organic acid containing one carboxyl (COOH) group or anion (COO-)."
"salmon",78,78,6,1.32318949915236e-14,2.33688497445298e-10,11,0.141025641025641,0.6875,16,"GO:0016126","BP","sterol biosynthetic process","The chemical reactions and pathways resulting in the formation of sterols, steroids with one or more hydroxyl groups and a hydrocarbon side-chain in the molecule."
"salmon",78,78,7,1.73549101778489e-13,3.0650506865099e-09,26,0.333333333333333,0.146892655367232,177,"GO:0055114","BP","oxidation-reduction process","A metabolic process that results in the removal or addition of one or more electrons to or from a substance, with or without the concomitant removal or addition of a proton or protons."
"salmon",78,78,8,6.98675078877968e-13,1.23393005680638e-08,13,0.166666666666667,0.393939393939394,33,"GO:0006694","BP","steroid biosynthetic process","The chemical reactions and pathways resulting in the formation of steroids, compounds with a 1,2,cyclopentanoperhydrophenanthrene nucleus; includes de novo formation and steroid interconversion by modification."
"salmon",78,78,9,2.63886312069984e-12,4.66049615746799e-08,13,0.166666666666667,0.361111111111111,36,"GO:0016125","BP","sterol metabolic process","The chemical reactions and pathways involving sterols, steroids with one or more hydroxyl groups and a hydrocarbon side-chain in the molecule."
"salmon",78,78,10,3.82000723867717e-12,6.74651478422775e-08,26,0.333333333333333,0.129353233830846,201,"GO:0019752","BP","carboxylic acid metabolic process","The chemical reactions and pathways involving carboxylic acids, any organic acid containing one or more carboxyl (COOH) groups or anions (COO-)."
"tan",81,74,1,0.000146743804936316,1,14,0.189189189189189,0.0786516853932584,178,"GO:1902494","CC","catalytic complex","A protein complex which is capable of catalytic activity."
"tan",81,74,2,0.000635604168677315,1,38,0.513513513513513,0.0409041980624327,929,"GO:0003824","MF","catalytic activity","Catalysis of a biochemical reaction at physiological temperatures. In biologically catalyzed reactions, the reactants are known as substrates, and the catalysts are naturally occurring macromolecular substances known as enzymes. Enzymes possess specific binding sites for substrates, and are usually composed wholly or largely of protein, but RNA that has catalytic activity (ribozyme) is often also regarded as enzymatic."
"tan",81,74,3,0.000674261364274633,1,2,0.027027027027027,1,2,"GO:0048490","BP","anterograde synaptic vesicle transport","The directed movement of synaptic vesicle along axonal microtubules from the cell body to the presynapse."
"tan",81,74,4,0.000874021082817824,1,3,0.0405405405405405,0.375,8,"GO:0030134","CC","COPII-coated ER to Golgi transport vesicle","A vesicle with a coat formed of the COPII coat complex proteins. The COPII coat complex is formed by the Sec23p/Sec24p and the Sec13p/Sec31p heterodimers. COPII-associated vesicles transport proteins from the rough endoplasmic reticulum to the Golgi apparatus (anterograde transport)."
"tan",81,74,5,0.00198846325985976,1,2,0.027027027027027,0.666666666666667,3,"GO:0071786","BP","endoplasmic reticulum tubular network organization","A process that is carried out at the cellular level which results in the assembly, arrangement of constituent parts, or disassembly of the endoplasmic reticulum (ER) tubular network. The ER tubular network is the ER part that that has membranes with high curvature in cross-section."
"tan",81,74,6,0.00283789244699382,1,32,0.432432432432432,0.0406091370558376,788,"GO:0032991","CC","protein-containing complex","A stable assembly of two or more macromolecules, i.e. proteins, nucleic acids, carbohydrates or lipids, in which at least one component is a protein and the constituent parts function together."
"tan",81,74,7,0.00376257906022808,1,8,0.108108108108108,0.0808080808080808,99,"GO:1990234","CC","transferase complex","A protein complex capable of catalyzing the transfer of a group, e.g. a methyl group, glycosyl group, acyl group, phosphorus-containing, or other groups, from one compound (generally regarded as the donor) to another compound (generally regarded as the acceptor)."
"tan",81,74,8,0.0039095773462632,1,2,0.027027027027027,0.5,4,"GO:0008089","BP","anterograde axonal transport","The directed movement of organelles or molecules along microtubules from the cell body toward the cell periphery in nerve cell axons."
"tan",81,74,9,0.00406181231576739,1,3,0.0405405405405405,0.230769230769231,13,"GO:0030117","CC","membrane coat","Any of several different proteinaceous coats that can associate with membranes. Membrane coats include those formed by clathrin plus an adaptor complex, the COPI and COPII complexes, and possibly others. They are found associated with membranes on many vesicles as well as other membrane features such as pits and perhaps tubules."
"tan",81,74,10,0.00415873528344249,1,4,0.0540540540540541,0.153846153846154,26,"GO:0042737","BP","drug catabolic process","The chemical reactions and pathways resulting in the breakdown of a drug, a substance used in the diagnosis, treatment or prevention of a disease."
"turquoise",529,506,1,0.000237044461718213,1,98,0.193675889328063,0.243781094527363,402,"GO:0003676","MF","nucleic acid binding","Interacting selectively and non-covalently with any nucleic acid."
"turquoise",529,506,2,0.000249541998982706,1,8,0.0158102766798419,0.666666666666667,12,"GO:0000956","BP","nuclear-transcribed mRNA catabolic process","The chemical reactions and pathways resulting in the breakdown of nuclear-transcribed mRNAs in eukaryotic cells."
"turquoise",529,506,3,0.000313404012517418,1,9,0.0177865612648221,0.6,15,"GO:0006413","BP","translational initiation","The process preceding formation of the peptide bond between the first two amino acids of a protein. This includes the formation of a complex of the ribosome, mRNA or circRNA, and an initiation complex that contains the first aminoacyl-tRNA."
"turquoise",529,506,4,0.000338253277006227,1,10,0.0197628458498024,0.555555555555556,18,"GO:0001104","MF","RNA polymerase II transcription cofactor activity","Interacting selectively and non-covalently with an RNA polymerase II (RNAP II) regulatory transcription factor and also with the RNAP II basal transcription machinery in order to modulate transcription. Cofactors generally do not bind DNA, but rather mediate protein-protein interactions between regulatory transcription factors and the basal RNAP II transcription machinery."
"turquoise",529,506,5,0.000383010630331986,1,35,0.0691699604743083,0.309734513274336,113,"GO:0008134","MF","transcription factor binding","Interacting selectively and non-covalently with a transcription factor, any protein required to initiate or regulate transcription."
"turquoise",529,506,6,0.000445281178456488,1,13,0.0256916996047431,0.464285714285714,28,"GO:0007608","BP","sensory perception of smell","The series of events required for an organism to receive an olfactory stimulus, convert it to a molecular signal, and recognize and characterize the signal. Olfaction involves the detection of chemical composition of an organism's ambient medium by chemoreceptors. This is a neurological process."
"turquoise",529,506,7,0.000590586966088183,1,63,0.124505928853755,0.260330578512397,242,"GO:0045893","BP","positive regulation of transcription, DNA-templated","Any process that activates or increases the frequency, rate or extent of cellular DNA-templated transcription."
"turquoise",529,506,8,0.000590586966088183,1,63,0.124505928853755,0.260330578512397,242,"GO:1902680","BP","positive regulation of RNA biosynthetic process","Any process that activates or increases the frequency, rate or extent of RNA biosynthetic process."
"turquoise",529,506,9,0.000591871595304341,1,37,0.0731225296442688,0.298387096774194,124,"GO:0044265","BP","cellular macromolecule catabolic process","The chemical reactions and pathways resulting in the breakdown of a macromolecule, any large molecule including proteins, nucleic acids and carbohydrates, as carried out by individual cells."
"turquoise",529,506,10,0.000620111898443887,1,97,0.191699604743083,0.238329238329238,407,"GO:0005654","CC","nucleoplasm","That part of the nuclear content other than the chromosomes or the nucleolus."
"yellow",199,139,1,5.48702045951432e-05,0.969062683354824,5,0.0359712230215827,0.5,10,"GO:0006900","BP","vesicle budding from membrane","The evagination of a membrane, resulting in formation of a vesicle."
"yellow",199,139,2,0.00011594584805882,1,3,0.0215827338129496,1,3,"GO:0016151","MF","nickel cation binding","Interacting selectively and non-covalently with nickel (Ni) cations."
"yellow",199,139,3,0.000192165014698295,1,13,0.0935251798561151,0.152941176470588,85,"GO:0019439","BP","aromatic compound catabolic process","The chemical reactions and pathways resulting in the breakdown of aromatic compounds, any substance containing an aromatic carbon ring."
"yellow",199,139,4,0.000258119796135767,1,45,0.323741007194245,0.0797872340425532,564,"GO:0005829","CC","cytosol","The part of the cytoplasm that does not contain organelles but which does contain other particulate matter, such as protein complexes."
"yellow",199,139,5,0.00053829664136369,1,10,0.0719424460431655,0.166666666666667,60,"GO:0005996","BP","monosaccharide metabolic process","The chemical reactions and pathways involving monosaccharides, the simplest carbohydrates. They are polyhydric alcohols containing either an aldehyde or a keto group and between three to ten or more carbon atoms. They form the constitutional repeating units of oligo- and polysaccharides."
"yellow",199,139,6,0.000897590523856087,1,35,0.251798561151079,0.0823529411764706,425,"GO:0019899","MF","enzyme binding","Interacting selectively and non-covalently with any enzyme."
"yellow",199,139,7,0.00092766825542943,1,4,0.0287769784172662,0.4,10,"GO:0003156","BP","regulation of animal organ formation","Any process that modulates the rate, frequency or extent of animal organ formation. Organ formation is the process pertaining to the initial formation of an organ from unspecified parts. The process begins with the specific processes that contribute to the appearance of the discrete structure, such as inductive events, and ends when the structural rudiment of the organ is recognizable, such as a condensation of mesenchymal cells into the organ rudiment."
"yellow",199,139,8,0.00107741765447658,1,3,0.0215827338129496,0.6,5,"GO:0048194","BP","Golgi vesicle budding","The evagination of the Golgi membrane, resulting in formation of a vesicle."
"yellow",199,139,9,0.00117787729123598,1,9,0.0647482014388489,0.163636363636364,55,"GO:0019318","BP","hexose metabolic process","The chemical reactions and pathways involving a hexose, any monosaccharide with a chain of six carbon atoms in the molecule."
"yellow",199,139,10,0.0012347539300138,1,32,0.23021582733813,0.0835509138381201,383,"GO:0009056","BP","catabolic process","The chemical reactions and pathways resulting in the breakdown of substances, including the breakdown of carbon compounds with the liberation of energy for use by the cell or organism."
